
Insert into FACE_USER (ID,EMAIL,NAME,PASSWORD,SURNAME,USERNAME,COUNTRY,CREATION_TIME,GENDER,UPDATE_TIME,AGE,NOTIFY,CITY) values (181,'gigo@gigo.com','gigo','$2a$10$VMK2XewiO69nmBH8kCe5O.i9FNcXvR716OFm3L9AZrDkXtMjvt.Ji','grgic','gig_go',null,to_timestamp('20-05-21 06.42.39.252275000 PM','DD-MM-RR HH.MI.SSXFF AM'),null,to_timestamp('20-05-21 06.42.39.252275000 PM','DD-MM-RR HH.MI.SSXFF AM'),0,0,null);
Insert into FACE_USER (ID,EMAIL,NAME,PASSWORD,SURNAME,USERNAME,COUNTRY,CREATION_TIME,GENDER,UPDATE_TIME,AGE,NOTIFY,CITY) values (21,'ivo@gmail.com','Ivo ','$2a$10$utAwkDpMmISdmg4aGPt.Beq.C7f1C3f8iBpk/A0pCaFyUkEabi3nO','Robić','ivo','USA',null,'Male',to_timestamp('16-05-21 11.11.45.827781000 AM','DD-MM-RR HH.MI.SSXFF AM'),78,1,'Boston');
Insert into FACE_USER (ID,EMAIL,NAME,PASSWORD,SURNAME,USERNAME,COUNTRY,CREATION_TIME,GENDER,UPDATE_TIME,AGE,NOTIFY,CITY) values (121,'a@a','a','$2a$10$nsfPmLweSvAcyxOz14OjwOMkBZfyCvWRpBuggjDCj4j4sG5HKYsLS','a','a',null,to_timestamp('01-05-21 12.47.39.516917000 PM','DD-MM-RR HH.MI.SSXFF AM'),null,to_timestamp('01-05-21 12.47.39.516917000 PM','DD-MM-RR HH.MI.SSXFF AM'),0,0,null);
Insert into FACE_USER (ID,EMAIL,NAME,PASSWORD,SURNAME,USERNAME,COUNTRY,CREATION_TIME,GENDER,UPDATE_TIME,AGE,NOTIFY,CITY) values (141,'jovi@jovi.com','jovi','$2a$10$MxyCdZ5uqfp/wUPIuVWaO.U6MzVeOyerDmPtWM5KHW8sHRKhsBibO','jovi','jovi',null,to_timestamp('02-05-21 04.15.49.795703000 PM','DD-MM-RR HH.MI.SSXFF AM'),null,to_timestamp('02-05-21 04.15.49.795703000 PM','DD-MM-RR HH.MI.SSXFF AM'),0,0,null);
Insert into FACE_USER (ID,EMAIL,NAME,PASSWORD,SURNAME,USERNAME,COUNTRY,CREATION_TIME,GENDER,UPDATE_TIME,AGE,NOTIFY,CITY) values (1,'darjan.crncic@fer.hr','Darjan','$2a$10$NmfY/1aJg6H7tKsW18Jxv.7/dpN/lV.sLYjxG3Ey3ckyiWnT0AV8i','Crnčić','ljakse','Croatia',null,'Male',to_timestamp('19-05-21 10.03.17.309155000 PM','DD-MM-RR HH.MI.SSXFF AM'),26,1,'Zagreb');
Insert into FACE_USER (ID,EMAIL,NAME,PASSWORD,SURNAME,USERNAME,COUNTRY,CREATION_TIME,GENDER,UPDATE_TIME,AGE,NOTIFY,CITY) values (61,'sonja@gmail.com','Sonja','$2a$10$rSh9c4FSZP.qi6gMARsa9.MXEKATZr4jtMtY0hGzdtSauyNEJ7vO.','Lalić','sonja','BiH',to_timestamp('28-04-21 06.57.10.545396000 PM','DD-MM-RR HH.MI.SSXFF AM'),'Female',to_timestamp('15-05-21 08.20.36.556840000 PM','DD-MM-RR HH.MI.SSXFF AM'),22,0,'Sarajevo');
Insert into FACE_USER (ID,EMAIL,NAME,PASSWORD,SURNAME,USERNAME,COUNTRY,CREATION_TIME,GENDER,UPDATE_TIME,AGE,NOTIFY,CITY) values (81,'ivica.jokic@gmail.com','ivica','$2a$10$xqngzr66sihwhJCVXyPcLeiJt9hKEVfWPFpc9QfOUiy6rCtQwNhx6','jokic','jokic',null,to_timestamp('30-04-21 06.49.11.992787000 PM','DD-MM-RR HH.MI.SSXFF AM'),null,to_timestamp('30-04-21 06.49.11.992787000 PM','DD-MM-RR HH.MI.SSXFF AM'),0,0,null);
Insert into FACE_USER (ID,EMAIL,NAME,PASSWORD,SURNAME,USERNAME,COUNTRY,CREATION_TIME,GENDER,UPDATE_TIME,AGE,NOTIFY,CITY) values (41,'fero.meki@gmail.com','Fero','$2a$10$IaNkqGN.xaceAZrY2IFSieF1yhrN3j2ZG52sqJIsWK4BFQi3b.vve','Meki','fmeki',null,to_timestamp('26-04-21 05.33.04.848618000 PM','DD-MM-RR HH.MI.SSXFF AM'),null,to_timestamp('26-04-21 05.33.04.848618000 PM','DD-MM-RR HH.MI.SSXFF AM'),0,0,null);
Insert into FACE_USER (ID,EMAIL,NAME,PASSWORD,SURNAME,USERNAME,COUNTRY,CREATION_TIME,GENDER,UPDATE_TIME,AGE,NOTIFY,CITY) values (101,'kostelic@gmail.com','Janica','$2a$10$G3mHq7wGRXT5Bs0CZhXs6eUOkvEIt.7AJyYe2MDXd69zlxV6BG0de','Kostelić','janica',null,to_timestamp('01-05-21 12.43.52.615872000 PM','DD-MM-RR HH.MI.SSXFF AM'),null,to_timestamp('01-05-21 12.43.52.615872000 PM','DD-MM-RR HH.MI.SSXFF AM'),0,0,null);
Insert into FACE_USER (ID,EMAIL,NAME,PASSWORD,SURNAME,USERNAME,COUNTRY,CREATION_TIME,GENDER,UPDATE_TIME,AGE,NOTIFY,CITY) values (161,'miro@gavran.hr','Miro','$2a$10$8wJSmw9qjNUDLTAkuN0TOONcX8i.GjG630QXzW3eU45a.Jjit6kGq','Gavran','mirog',null,to_timestamp('07-05-21 06.16.36.876156000 PM','DD-MM-RR HH.MI.SSXFF AM'),null,to_timestamp('07-05-21 06.16.36.876156000 PM','DD-MM-RR HH.MI.SSXFF AM'),0,0,null);

Insert into POST_TYPE (ID,TYPE) values (1,'user');
Insert into POST_TYPE (ID,TYPE) values (2,'group');

Insert into STATUS (ID,STATUS) values (1,'Pending');
Insert into STATUS (ID,STATUS) values (2,'Accepted');
Insert into STATUS (ID,STATUS) values (3,'Rejected');

Insert into FACE_FRIEND (FACE_USER_ID,FRIEND_USER_ID) values (1,21);
Insert into FACE_FRIEND (FACE_USER_ID,FRIEND_USER_ID) values (1,41);
Insert into FACE_FRIEND (FACE_USER_ID,FRIEND_USER_ID) values (1,61);
Insert into FACE_FRIEND (FACE_USER_ID,FRIEND_USER_ID) values (1,81);
Insert into FACE_FRIEND (FACE_USER_ID,FRIEND_USER_ID) values (1,101);
Insert into FACE_FRIEND (FACE_USER_ID,FRIEND_USER_ID) values (21,1);
Insert into FACE_FRIEND (FACE_USER_ID,FRIEND_USER_ID) values (21,41);
Insert into FACE_FRIEND (FACE_USER_ID,FRIEND_USER_ID) values (21,61);
Insert into FACE_FRIEND (FACE_USER_ID,FRIEND_USER_ID) values (21,81);
Insert into FACE_FRIEND (FACE_USER_ID,FRIEND_USER_ID) values (21,181);
Insert into FACE_FRIEND (FACE_USER_ID,FRIEND_USER_ID) values (41,1);
Insert into FACE_FRIEND (FACE_USER_ID,FRIEND_USER_ID) values (41,21);
Insert into FACE_FRIEND (FACE_USER_ID,FRIEND_USER_ID) values (61,1);
Insert into FACE_FRIEND (FACE_USER_ID,FRIEND_USER_ID) values (61,21);
Insert into FACE_FRIEND (FACE_USER_ID,FRIEND_USER_ID) values (81,1);
Insert into FACE_FRIEND (FACE_USER_ID,FRIEND_USER_ID) values (81,21);
Insert into FACE_FRIEND (FACE_USER_ID,FRIEND_USER_ID) values (101,1);
Insert into FACE_FRIEND (FACE_USER_ID,FRIEND_USER_ID) values (181,21);

Insert into FACE_FRIEND_REQ (ID,FACE_FRIEND_ID,FACE_USER_ID,STATUS,CREATION_TIME,UPDATE_TIME) values (741,21,181,2,to_timestamp('20-05-21 06.42.55.258713000 PM','DD-MM-RR HH.MI.SSXFF AM'),to_timestamp('20-05-21 06.43.27.097314000 PM','DD-MM-RR HH.MI.SSXFF AM'));
Insert into FACE_FRIEND_REQ (ID,FACE_FRIEND_ID,FACE_USER_ID,STATUS,CREATION_TIME,UPDATE_TIME) values (41,81,1,2,to_timestamp('01-05-21 09.11.22.798230000 AM','DD-MM-RR HH.MI.SSXFF AM'),to_timestamp('01-05-21 10.14.06.972234000 AM','DD-MM-RR HH.MI.SSXFF AM'));
Insert into FACE_FRIEND_REQ (ID,FACE_FRIEND_ID,FACE_USER_ID,STATUS,CREATION_TIME,UPDATE_TIME) values (121,121,1,3,to_timestamp('01-05-21 12.49.21.179500000 PM','DD-MM-RR HH.MI.SSXFF AM'),to_timestamp('01-05-21 12.49.31.695335000 PM','DD-MM-RR HH.MI.SSXFF AM'));
Insert into FACE_FRIEND_REQ (ID,FACE_FRIEND_ID,FACE_USER_ID,STATUS,CREATION_TIME,UPDATE_TIME) values (123,121,41,3,to_timestamp('01-05-21 12.52.21.980374000 PM','DD-MM-RR HH.MI.SSXFF AM'),to_timestamp('01-05-21 12.53.47.402035000 PM','DD-MM-RR HH.MI.SSXFF AM'));
Insert into FACE_FRIEND_REQ (ID,FACE_FRIEND_ID,FACE_USER_ID,STATUS,CREATION_TIME,UPDATE_TIME) values (124,121,41,3,to_timestamp('01-05-21 12.52.23.931404000 PM','DD-MM-RR HH.MI.SSXFF AM'),to_timestamp('01-05-21 12.53.47.409016000 PM','DD-MM-RR HH.MI.SSXFF AM'));
Insert into FACE_FRIEND_REQ (ID,FACE_FRIEND_ID,FACE_USER_ID,STATUS,CREATION_TIME,UPDATE_TIME) values (125,121,41,3,to_timestamp('01-05-21 12.52.42.418402000 PM','DD-MM-RR HH.MI.SSXFF AM'),to_timestamp('01-05-21 12.53.47.411010000 PM','DD-MM-RR HH.MI.SSXFF AM'));
Insert into FACE_FRIEND_REQ (ID,FACE_FRIEND_ID,FACE_USER_ID,STATUS,CREATION_TIME,UPDATE_TIME) values (5,61,1,2,to_timestamp('28-04-21 10.26.09.479737000 PM','DD-MM-RR HH.MI.SSXFF AM'),to_timestamp('01-05-21 10.05.11.557391000 AM','DD-MM-RR HH.MI.SSXFF AM'));
Insert into FACE_FRIEND_REQ (ID,FACE_FRIEND_ID,FACE_USER_ID,STATUS,CREATION_TIME,UPDATE_TIME) values (6,41,1,2,to_timestamp('28-04-21 10.26.15.098506000 PM','DD-MM-RR HH.MI.SSXFF AM'),to_timestamp('01-05-21 12.38.21.415203000 PM','DD-MM-RR HH.MI.SSXFF AM'));
Insert into FACE_FRIEND_REQ (ID,FACE_FRIEND_ID,FACE_USER_ID,STATUS,CREATION_TIME,UPDATE_TIME) values (3,41,1,2,to_timestamp('28-04-21 10.23.43.312144000 PM','DD-MM-RR HH.MI.SSXFF AM'),to_timestamp('01-05-21 12.38.21.423668000 PM','DD-MM-RR HH.MI.SSXFF AM'));
Insert into FACE_FRIEND_REQ (ID,FACE_FRIEND_ID,FACE_USER_ID,STATUS,CREATION_TIME,UPDATE_TIME) values (4,41,1,2,to_timestamp('28-04-21 10.26.07.831958000 PM','DD-MM-RR HH.MI.SSXFF AM'),to_timestamp('01-05-21 12.38.21.425699000 PM','DD-MM-RR HH.MI.SSXFF AM'));
Insert into FACE_FRIEND_REQ (ID,FACE_FRIEND_ID,FACE_USER_ID,STATUS,CREATION_TIME,UPDATE_TIME) values (7,41,1,2,to_timestamp('28-04-21 10.27.03.744116000 PM','DD-MM-RR HH.MI.SSXFF AM'),to_timestamp('01-05-21 12.38.21.427477000 PM','DD-MM-RR HH.MI.SSXFF AM'));
Insert into FACE_FRIEND_REQ (ID,FACE_FRIEND_ID,FACE_USER_ID,STATUS,CREATION_TIME,UPDATE_TIME) values (8,61,1,2,to_timestamp('28-04-21 10.27.08.666040000 PM','DD-MM-RR HH.MI.SSXFF AM'),to_timestamp('01-05-21 10.05.11.563858000 AM','DD-MM-RR HH.MI.SSXFF AM'));
Insert into FACE_FRIEND_REQ (ID,FACE_FRIEND_ID,FACE_USER_ID,STATUS,CREATION_TIME,UPDATE_TIME) values (9,41,1,2,to_timestamp('28-04-21 10.28.25.716302000 PM','DD-MM-RR HH.MI.SSXFF AM'),to_timestamp('01-05-21 12.38.21.429474000 PM','DD-MM-RR HH.MI.SSXFF AM'));
Insert into FACE_FRIEND_REQ (ID,FACE_FRIEND_ID,FACE_USER_ID,STATUS,CREATION_TIME,UPDATE_TIME) values (10,41,1,2,to_timestamp('28-04-21 10.29.38.249040000 PM','DD-MM-RR HH.MI.SSXFF AM'),to_timestamp('01-05-21 12.38.21.431242000 PM','DD-MM-RR HH.MI.SSXFF AM'));
Insert into FACE_FRIEND_REQ (ID,FACE_FRIEND_ID,FACE_USER_ID,STATUS,CREATION_TIME,UPDATE_TIME) values (11,41,1,2,to_timestamp('28-04-21 10.30.03.563623000 PM','DD-MM-RR HH.MI.SSXFF AM'),to_timestamp('01-05-21 12.38.21.433240000 PM','DD-MM-RR HH.MI.SSXFF AM'));
Insert into FACE_FRIEND_REQ (ID,FACE_FRIEND_ID,FACE_USER_ID,STATUS,CREATION_TIME,UPDATE_TIME) values (12,61,1,2,to_timestamp('28-04-21 10.27.08.666040000 PM','DD-MM-RR HH.MI.SSXFF AM'),to_timestamp('01-05-21 10.05.11.565857000 AM','DD-MM-RR HH.MI.SSXFF AM'));
Insert into FACE_FRIEND_REQ (ID,FACE_FRIEND_ID,FACE_USER_ID,STATUS,CREATION_TIME,UPDATE_TIME) values (21,61,21,2,to_timestamp('29-04-21 06.51.48.946945000 PM','DD-MM-RR HH.MI.SSXFF AM'),to_timestamp('01-05-21 10.09.56.069628000 AM','DD-MM-RR HH.MI.SSXFF AM'));
Insert into FACE_FRIEND_REQ (ID,FACE_FRIEND_ID,FACE_USER_ID,STATUS,CREATION_TIME,UPDATE_TIME) values (61,41,1,2,to_timestamp('01-05-21 10.13.26.190000000 AM','DD-MM-RR HH.MI.SSXFF AM'),to_timestamp('01-05-21 12.38.21.436236000 PM','DD-MM-RR HH.MI.SSXFF AM'));
Insert into FACE_FRIEND_REQ (ID,FACE_FRIEND_ID,FACE_USER_ID,STATUS,CREATION_TIME,UPDATE_TIME) values (62,81,1,2,to_timestamp('01-05-21 10.13.26.532170000 AM','DD-MM-RR HH.MI.SSXFF AM'),to_timestamp('01-05-21 10.14.06.978324000 AM','DD-MM-RR HH.MI.SSXFF AM'));
Insert into FACE_FRIEND_REQ (ID,FACE_FRIEND_ID,FACE_USER_ID,STATUS,CREATION_TIME,UPDATE_TIME) values (63,81,21,2,to_timestamp('01-05-21 10.13.56.031739000 AM','DD-MM-RR HH.MI.SSXFF AM'),to_timestamp('01-05-21 10.14.07.718668000 AM','DD-MM-RR HH.MI.SSXFF AM'));
Insert into FACE_FRIEND_REQ (ID,FACE_FRIEND_ID,FACE_USER_ID,STATUS,CREATION_TIME,UPDATE_TIME) values (561,1,141,1,to_timestamp('13-05-21 06.29.03.228483000 PM','DD-MM-RR HH.MI.SSXFF AM'),to_timestamp('13-05-21 06.29.03.228483000 PM','DD-MM-RR HH.MI.SSXFF AM'));
Insert into FACE_FRIEND_REQ (ID,FACE_FRIEND_ID,FACE_USER_ID,STATUS,CREATION_TIME,UPDATE_TIME) values (81,41,1,2,to_timestamp('01-05-21 12.36.05.128246000 PM','DD-MM-RR HH.MI.SSXFF AM'),to_timestamp('01-05-21 12.38.21.437540000 PM','DD-MM-RR HH.MI.SSXFF AM'));
Insert into FACE_FRIEND_REQ (ID,FACE_FRIEND_ID,FACE_USER_ID,STATUS,CREATION_TIME,UPDATE_TIME) values (101,41,21,2,to_timestamp('01-05-21 12.38.05.113101000 PM','DD-MM-RR HH.MI.SSXFF AM'),to_timestamp('01-05-21 12.38.23.623174000 PM','DD-MM-RR HH.MI.SSXFF AM'));
Insert into FACE_FRIEND_REQ (ID,FACE_FRIEND_ID,FACE_USER_ID,STATUS,CREATION_TIME,UPDATE_TIME) values (102,101,1,3,to_timestamp('01-05-21 12.44.06.775701000 PM','DD-MM-RR HH.MI.SSXFF AM'),to_timestamp('01-05-21 12.44.19.663899000 PM','DD-MM-RR HH.MI.SSXFF AM'));
Insert into FACE_FRIEND_REQ (ID,FACE_FRIEND_ID,FACE_USER_ID,STATUS,CREATION_TIME,UPDATE_TIME) values (122,121,41,3,to_timestamp('01-05-21 12.52.20.255391000 PM','DD-MM-RR HH.MI.SSXFF AM'),to_timestamp('01-05-21 12.53.47.413007000 PM','DD-MM-RR HH.MI.SSXFF AM'));
Insert into FACE_FRIEND_REQ (ID,FACE_FRIEND_ID,FACE_USER_ID,STATUS,CREATION_TIME,UPDATE_TIME) values (126,121,1,3,to_timestamp('01-05-21 12.52.52.114122000 PM','DD-MM-RR HH.MI.SSXFF AM'),to_timestamp('01-05-21 12.53.01.103205000 PM','DD-MM-RR HH.MI.SSXFF AM'));
Insert into FACE_FRIEND_REQ (ID,FACE_FRIEND_ID,FACE_USER_ID,STATUS,CREATION_TIME,UPDATE_TIME) values (504,121,1,1,to_timestamp('11-05-21 06.04.07.643984000 PM','DD-MM-RR HH.MI.SSXFF AM'),to_timestamp('11-05-21 06.04.07.643984000 PM','DD-MM-RR HH.MI.SSXFF AM'));

Insert into FACE_POST (ID,BODY,CREATION_TIME,TITLE,UPDATE_TIME,CREATOR_ID,TYPE) values (141,'a',to_timestamp('01-05-21 02.52.16.651912000 PM','DD-MM-RR HH.MI.SSXFF AM'),'a',to_timestamp('01-05-21 02.52.16.651912000 PM','DD-MM-RR HH.MI.SSXFF AM'),1,1);
Insert into FACE_POST (ID,BODY,CREATION_TIME,TITLE,UPDATE_TIME,CREATOR_ID,TYPE) values (161,'b',to_timestamp('01-05-21 03.08.26.127440000 PM','DD-MM-RR HH.MI.SSXFF AM'),'b',to_timestamp('01-05-21 03.08.26.127440000 PM','DD-MM-RR HH.MI.SSXFF AM'),1,1);
Insert into FACE_POST (ID,BODY,CREATION_TIME,TITLE,UPDATE_TIME,CREATOR_ID,TYPE) values (201,'Ja sam Ivo!',to_timestamp('01-05-21 07.40.37.244461000 PM','DD-MM-RR HH.MI.SSXFF AM'),'Bok svima!',to_timestamp('06-05-21 06.59.57.809779000 PM','DD-MM-RR HH.MI.SSXFF AM'),21,1);
Insert into FACE_POST (ID,BODY,CREATION_TIME,TITLE,UPDATE_TIME,CREATOR_ID,TYPE) values (241,'njojnja',to_timestamp('01-05-21 07.40.37.244461000 PM','DD-MM-RR HH.MI.SSXFF AM'),'njonjo njonjo',to_timestamp('06-05-21 06.04.13.720562000 PM','DD-MM-RR HH.MI.SSXFF AM'),1,1);
Insert into FACE_POST (ID,BODY,CREATION_TIME,TITLE,UPDATE_TIME,CREATOR_ID,TYPE) values (242,'asda',to_timestamp('01-05-21 07.40.37.244461000 PM','DD-MM-RR HH.MI.SSXFF AM'),'dasd',to_timestamp('06-05-21 06.05.38.327219000 PM','DD-MM-RR HH.MI.SSXFF AM'),1,1);
Insert into FACE_POST (ID,BODY,CREATION_TIME,TITLE,UPDATE_TIME,CREATOR_ID,TYPE) values (568,'Svi na polje!',to_timestamp('13-05-21 06.36.35.269008000 PM','DD-MM-RR HH.MI.SSXFF AM'),'Ajmo danas',to_timestamp('13-05-21 06.36.35.269008000 PM','DD-MM-RR HH.MI.SSXFF AM'),1,2);
Insert into FACE_POST (ID,BODY,CREATION_TIME,TITLE,UPDATE_TIME,CREATOR_ID,TYPE) values (581,'dada',to_timestamp('14-05-21 09.45.37.111831000 PM','DD-MM-RR HH.MI.SSXFF AM'),'dada',to_timestamp('14-05-21 09.45.37.111831000 PM','DD-MM-RR HH.MI.SSXFF AM'),61,2);
Insert into FACE_POST (ID,BODY,CREATION_TIME,TITLE,UPDATE_TIME,CREATOR_ID,TYPE) values (722,'a',to_timestamp('19-05-21 09.52.06.681474000 PM','DD-MM-RR HH.MI.SSXFF AM'),'Ajmooa',to_timestamp('19-05-21 09.52.06.681474000 PM','DD-MM-RR HH.MI.SSXFF AM'),1,2);
Insert into FACE_POST (ID,BODY,CREATION_TIME,TITLE,UPDATE_TIME,CREATOR_ID,TYPE) values (521,'a',to_timestamp('12-05-21 06.35.15.609169000 PM','DD-MM-RR HH.MI.SSXFF AM'),'a',to_timestamp('12-05-21 06.35.15.609169000 PM','DD-MM-RR HH.MI.SSXFF AM'),1,2);
Insert into FACE_POST (ID,BODY,CREATION_TIME,TITLE,UPDATE_TIME,CREATOR_ID,TYPE) values (522,'a',to_timestamp('12-05-21 06.36.22.906442000 PM','DD-MM-RR HH.MI.SSXFF AM'),'a',to_timestamp('12-05-21 06.36.22.906442000 PM','DD-MM-RR HH.MI.SSXFF AM'),1,2);
Insert into FACE_POST (ID,BODY,CREATION_TIME,TITLE,UPDATE_TIME,CREATOR_ID,TYPE) values (523,'ba',to_timestamp('12-05-21 06.37.46.461384000 PM','DD-MM-RR HH.MI.SSXFF AM'),'ba',to_timestamp('12-05-21 07.56.37.304365000 PM','DD-MM-RR HH.MI.SSXFF AM'),1,2);
Insert into FACE_POST (ID,BODY,CREATION_TIME,TITLE,UPDATE_TIME,CREATOR_ID,TYPE) values (524,'ca',to_timestamp('12-05-21 06.39.49.438940000 PM','DD-MM-RR HH.MI.SSXFF AM'),'ca',to_timestamp('12-05-21 06.39.49.438940000 PM','DD-MM-RR HH.MI.SSXFF AM'),1,2);
Insert into FACE_POST (ID,BODY,CREATION_TIME,TITLE,UPDATE_TIME,CREATOR_ID,TYPE) values (533,'c',to_timestamp('12-05-21 07.58.25.877732000 PM','DD-MM-RR HH.MI.SSXFF AM'),'c',to_timestamp('12-05-21 07.58.25.877732000 PM','DD-MM-RR HH.MI.SSXFF AM'),1,2);
Insert into FACE_POST (ID,BODY,CREATION_TIME,TITLE,UPDATE_TIME,CREATOR_ID,TYPE) values (441,'Dan',to_timestamp('08-05-21 12.41.48.218366000 PM','DD-MM-RR HH.MI.SSXFF AM'),'Dobar dan',to_timestamp('12-05-21 07.56.26.844317000 PM','DD-MM-RR HH.MI.SSXFF AM'),1,1);
Insert into FACE_POST (ID,BODY,CREATION_TIME,TITLE,UPDATE_TIME,CREATOR_ID,TYPE) values (569,'Svii',to_timestamp('13-05-21 06.41.03.817262000 PM','DD-MM-RR HH.MI.SSXFF AM'),'Ajmoo',to_timestamp('13-05-21 06.41.11.029917000 PM','DD-MM-RR HH.MI.SSXFF AM'),1,2);
Insert into FACE_POST (ID,BODY,CREATION_TIME,TITLE,UPDATE_TIME,CREATOR_ID,TYPE) values (227,'scadas',to_timestamp('01-05-21 07.40.37.244461000 PM','DD-MM-RR HH.MI.SSXFF AM'),'dasda',to_timestamp('06-05-21 06.07.48.661811000 PM','DD-MM-RR HH.MI.SSXFF AM'),1,1);
Insert into FACE_POST (ID,BODY,CREATION_TIME,TITLE,UPDATE_TIME,CREATOR_ID,TYPE) values (305,'asd',to_timestamp('01-05-21 07.40.37.244461000 PM','DD-MM-RR HH.MI.SSXFF AM'),'ada',to_timestamp('06-05-21 06.05.17.788502000 PM','DD-MM-RR HH.MI.SSXFF AM'),61,1);
Insert into FACE_POST (ID,BODY,CREATION_TIME,TITLE,UPDATE_TIME,CREATOR_ID,TYPE) values (541,'c',to_timestamp('12-05-21 09.17.39.701133000 PM','DD-MM-RR HH.MI.SSXFF AM'),'c',to_timestamp('12-05-21 09.17.39.701133000 PM','DD-MM-RR HH.MI.SSXFF AM'),1,2);
Insert into FACE_POST (ID,BODY,CREATION_TIME,TITLE,UPDATE_TIME,CREATOR_ID,TYPE) values (543,'caca',to_timestamp('12-05-21 09.22.27.730229000 PM','DD-MM-RR HH.MI.SSXFF AM'),'acca',to_timestamp('12-05-21 09.22.27.730229000 PM','DD-MM-RR HH.MI.SSXFF AM'),1,2);
Insert into FACE_POST (ID,BODY,CREATION_TIME,TITLE,UPDATE_TIME,CREATOR_ID,TYPE) values (542,'aa',to_timestamp('12-05-21 09.22.20.957631000 PM','DD-MM-RR HH.MI.SSXFF AM'),'aa',to_timestamp('12-05-21 09.22.20.957631000 PM','DD-MM-RR HH.MI.SSXFF AM'),1,2);
Insert into FACE_POST (ID,BODY,CREATION_TIME,TITLE,UPDATE_TIME,CREATOR_ID,TYPE) values (544,'caccac',to_timestamp('12-05-21 09.25.27.727367000 PM','DD-MM-RR HH.MI.SSXFF AM'),'ac',to_timestamp('12-05-21 09.25.27.727367000 PM','DD-MM-RR HH.MI.SSXFF AM'),1,2);
Insert into FACE_POST (ID,BODY,CREATION_TIME,TITLE,UPDATE_TIME,CREATOR_ID,TYPE) values (546,'dddd',to_timestamp('12-05-21 09.28.30.633611000 PM','DD-MM-RR HH.MI.SSXFF AM'),'da..m',to_timestamp('12-05-21 09.28.51.845813000 PM','DD-MM-RR HH.MI.SSXFF AM'),1,2);
Insert into FACE_POST (ID,BODY,CREATION_TIME,TITLE,UPDATE_TIME,CREATOR_ID,TYPE) values (573,'Idemo gledat king konga...',to_timestamp('13-05-21 07.05.30.181796000 PM','DD-MM-RR HH.MI.SSXFF AM'),'Kino sutra?',to_timestamp('13-05-21 07.05.30.181796000 PM','DD-MM-RR HH.MI.SSXFF AM'),1,2);
Insert into FACE_POST (ID,BODY,CREATION_TIME,TITLE,UPDATE_TIME,CREATOR_ID,TYPE) values (567,'ad',to_timestamp('13-05-21 06.36.00.417998000 PM','DD-MM-RR HH.MI.SSXFF AM'),'dad',to_timestamp('13-05-21 06.36.00.417998000 PM','DD-MM-RR HH.MI.SSXFF AM'),1,2);
Insert into FACE_POST (ID,BODY,CREATION_TIME,TITLE,UPDATE_TIME,CREATOR_ID,TYPE) values (601,'gaga',to_timestamp('16-05-21 11.12.14.317928000 AM','DD-MM-RR HH.MI.SSXFF AM'),'Test slika',to_timestamp('16-05-21 11.40.08.450078000 AM','DD-MM-RR HH.MI.SSXFF AM'),21,2);
Insert into FACE_POST (ID,BODY,CREATION_TIME,TITLE,UPDATE_TIME,CREATOR_ID,TYPE) values (682,'a',to_timestamp('19-05-21 07.18.03.433432000 PM','DD-MM-RR HH.MI.SSXFF AM'),'test mail 2',to_timestamp('19-05-21 07.18.03.433432000 PM','DD-MM-RR HH.MI.SSXFF AM'),1,2);
Insert into FACE_POST (ID,BODY,CREATION_TIME,TITLE,UPDATE_TIME,CREATOR_ID,TYPE) values (683,'c',to_timestamp('19-05-21 07.19.49.397810000 PM','DD-MM-RR HH.MI.SSXFF AM'),'ca',to_timestamp('19-05-21 07.19.49.397810000 PM','DD-MM-RR HH.MI.SSXFF AM'),1,2);
Insert into FACE_POST (ID,BODY,CREATION_TIME,TITLE,UPDATE_TIME,CREATOR_ID,TYPE) values (684,'a',to_timestamp('19-05-21 07.20.27.662115000 PM','DD-MM-RR HH.MI.SSXFF AM'),'q',to_timestamp('19-05-21 07.20.27.662115000 PM','DD-MM-RR HH.MI.SSXFF AM'),1,2);
Insert into FACE_POST (ID,BODY,CREATION_TIME,TITLE,UPDATE_TIME,CREATOR_ID,TYPE) values (685,'c',to_timestamp('19-05-21 07.22.30.537289000 PM','DD-MM-RR HH.MI.SSXFF AM'),'cac',to_timestamp('19-05-21 07.22.30.537289000 PM','DD-MM-RR HH.MI.SSXFF AM'),1,2);
Insert into FACE_POST (ID,BODY,CREATION_TIME,TITLE,UPDATE_TIME,CREATOR_ID,TYPE) values (686,'ca',to_timestamp('19-05-21 07.23.50.934701000 PM','DD-MM-RR HH.MI.SSXFF AM'),'ca',to_timestamp('19-05-21 07.23.50.934701000 PM','DD-MM-RR HH.MI.SSXFF AM'),1,2);
Insert into FACE_POST (ID,BODY,CREATION_TIME,TITLE,UPDATE_TIME,CREATOR_ID,TYPE) values (687,'d',to_timestamp('19-05-21 07.24.43.821145000 PM','DD-MM-RR HH.MI.SSXFF AM'),'d',to_timestamp('19-05-21 07.24.43.821145000 PM','DD-MM-RR HH.MI.SSXFF AM'),1,2);
Insert into FACE_POST (ID,BODY,CREATION_TIME,TITLE,UPDATE_TIME,CREATOR_ID,TYPE) values (688,'d',to_timestamp('19-05-21 07.27.23.633527000 PM','DD-MM-RR HH.MI.SSXFF AM'),'d',to_timestamp('19-05-21 07.27.23.633527000 PM','DD-MM-RR HH.MI.SSXFF AM'),1,2);
Insert into FACE_POST (ID,BODY,CREATION_TIME,TITLE,UPDATE_TIME,CREATOR_ID,TYPE) values (701,'a',to_timestamp('19-05-21 09.37.14.644020000 PM','DD-MM-RR HH.MI.SSXFF AM'),'ca',to_timestamp('19-05-21 09.37.14.644020000 PM','DD-MM-RR HH.MI.SSXFF AM'),1,2);
Insert into FACE_POST (ID,BODY,CREATION_TIME,TITLE,UPDATE_TIME,CREATOR_ID,TYPE) values (702,'c',to_timestamp('19-05-21 09.40.04.532534000 PM','DD-MM-RR HH.MI.SSXFF AM'),'c',to_timestamp('19-05-21 09.40.04.532534000 PM','DD-MM-RR HH.MI.SSXFF AM'),1,2);
Insert into FACE_POST (ID,BODY,CREATION_TIME,TITLE,UPDATE_TIME,CREATOR_ID,TYPE) values (703,'thread',to_timestamp('19-05-21 09.40.36.597860000 PM','DD-MM-RR HH.MI.SSXFF AM'),'test mail thread',to_timestamp('19-05-21 09.40.36.597860000 PM','DD-MM-RR HH.MI.SSXFF AM'),1,2);
Insert into FACE_POST (ID,BODY,CREATION_TIME,TITLE,UPDATE_TIME,CREATOR_ID,TYPE) values (721,'f',to_timestamp('19-05-21 09.51.14.664688000 PM','DD-MM-RR HH.MI.SSXFF AM'),'f',to_timestamp('19-05-21 09.51.14.664688000 PM','DD-MM-RR HH.MI.SSXFF AM'),1,2);
Insert into FACE_POST (ID,BODY,CREATION_TIME,TITLE,UPDATE_TIME,CREATOR_ID,TYPE) values (761,'da',to_timestamp('27-05-21 07.22.58.499962000 PM','DD-MM-RR HH.MI.SSXFF AM'),'d',to_timestamp('27-05-21 07.22.58.499962000 PM','DD-MM-RR HH.MI.SSXFF AM'),1,1);
Insert into FACE_POST (ID,BODY,CREATION_TIME,TITLE,UPDATE_TIME,CREATOR_ID,TYPE) values (575,'ca',to_timestamp('13-05-21 07.17.16.832338000 PM','DD-MM-RR HH.MI.SSXFF AM'),'caaca',to_timestamp('13-05-21 07.17.20.437059000 PM','DD-MM-RR HH.MI.SSXFF AM'),1,2);
Insert into FACE_POST (ID,BODY,CREATION_TIME,TITLE,UPDATE_TIME,CREATOR_ID,TYPE) values (641,'g',to_timestamp('16-05-21 02.56.34.557585000 PM','DD-MM-RR HH.MI.SSXFF AM'),'čćžšđ',to_timestamp('17-05-21 09.34.21.454257000 PM','DD-MM-RR HH.MI.SSXFF AM'),1,1);
Insert into FACE_POST (ID,BODY,CREATION_TIME,TITLE,UPDATE_TIME,CREATOR_ID,TYPE) values (681,'test',to_timestamp('19-05-21 07.07.55.939269000 PM','DD-MM-RR HH.MI.SSXFF AM'),'test mail',to_timestamp('19-05-21 07.07.55.940267000 PM','DD-MM-RR HH.MI.SSXFF AM'),1,2);

Insert into POST_COMMENT (ID,CREATION_TIME,POST_ID,UPDATE_TIME,USER_ID,BODY) values (623,to_timestamp('16-05-21 11.40.09.460322000 AM','DD-MM-RR HH.MI.SSXFF AM'),601,to_timestamp('16-05-21 11.40.09.460322000 AM','DD-MM-RR HH.MI.SSXFF AM'),1,'kako su dobre slike');
Insert into POST_COMMENT (ID,CREATION_TIME,POST_ID,UPDATE_TIME,USER_ID,BODY) values (335,to_timestamp('03-05-21 07.45.05.969870000 PM','DD-MM-RR HH.MI.SSXFF AM'),305,to_timestamp('04-05-21 07.23.21.493511000 PM','DD-MM-RR HH.MI.SSXFF AM'),21,'dasdaaaaaaaaaaaaaaaaaaaaaaaaaaaaaaaaaaaaaaaaaaaaaaaaaaaaaaaaaaaaaaaaaaaaaaaaaaa');
Insert into POST_COMMENT (ID,CREATION_TIME,POST_ID,UPDATE_TIME,USER_ID,BODY) values (416,to_timestamp('06-05-21 06.04.23.443416000 PM','DD-MM-RR HH.MI.SSXFF AM'),241,to_timestamp('06-05-21 06.04.24.873743000 PM','DD-MM-RR HH.MI.SSXFF AM'),61,'ssc');
Insert into POST_COMMENT (ID,CREATION_TIME,POST_ID,UPDATE_TIME,USER_ID,BODY) values (624,to_timestamp('16-05-21 11.40.22.535093000 AM','DD-MM-RR HH.MI.SSXFF AM'),581,to_timestamp('16-05-21 11.40.22.535093000 AM','DD-MM-RR HH.MI.SSXFF AM'),1,'hej sonja');
Insert into POST_COMMENT (ID,CREATION_TIME,POST_ID,UPDATE_TIME,USER_ID,BODY) values (347,to_timestamp('04-05-21 06.03.09.996000000 PM','DD-MM-RR HH.MI.SSXFF AM'),242,to_timestamp('04-05-21 07.24.50.369606000 PM','DD-MM-RR HH.MI.SSXFF AM'),61,'asdas');
Insert into POST_COMMENT (ID,CREATION_TIME,POST_ID,UPDATE_TIME,USER_ID,BODY) values (348,to_timestamp('04-05-21 06.03.11.445163000 PM','DD-MM-RR HH.MI.SSXFF AM'),242,to_timestamp('04-05-21 07.24.50.869441000 PM','DD-MM-RR HH.MI.SSXFF AM'),61,'ssdsd');
Insert into POST_COMMENT (ID,CREATION_TIME,POST_ID,UPDATE_TIME,USER_ID,BODY) values (412,to_timestamp('06-05-21 06.03.55.964959000 PM','DD-MM-RR HH.MI.SSXFF AM'),241,to_timestamp('06-05-21 06.04.18.933209000 PM','DD-MM-RR HH.MI.SSXFF AM'),1,'dasda');
Insert into POST_COMMENT (ID,CREATION_TIME,POST_ID,UPDATE_TIME,USER_ID,BODY) values (422,to_timestamp('06-05-21 06.08.41.551246000 PM','DD-MM-RR HH.MI.SSXFF AM'),227,to_timestamp('06-05-21 06.08.43.293787000 PM','DD-MM-RR HH.MI.SSXFF AM'),21,'zztz');
Insert into POST_COMMENT (ID,CREATION_TIME,POST_ID,UPDATE_TIME,USER_ID,BODY) values (425,to_timestamp('06-05-21 06.10.47.686221000 PM','DD-MM-RR HH.MI.SSXFF AM'),201,to_timestamp('16-05-21 11.39.16.417507000 AM','DD-MM-RR HH.MI.SSXFF AM'),21,'dads');
Insert into POST_COMMENT (ID,CREATION_TIME,POST_ID,UPDATE_TIME,USER_ID,BODY) values (428,to_timestamp('06-05-21 07.00.06.128570000 PM','DD-MM-RR HH.MI.SSXFF AM'),201,to_timestamp('06-05-21 07.00.09.159809000 PM','DD-MM-RR HH.MI.SSXFF AM'),1,'Dis ivo!');
Insert into POST_COMMENT (ID,CREATION_TIME,POST_ID,UPDATE_TIME,USER_ID,BODY) values (443,to_timestamp('08-05-21 12.42.01.638872000 PM','DD-MM-RR HH.MI.SSXFF AM'),441,to_timestamp('08-05-21 12.42.03.797981000 PM','DD-MM-RR HH.MI.SSXFF AM'),1,'Svima');
Insert into POST_COMMENT (ID,CREATION_TIME,POST_ID,UPDATE_TIME,USER_ID,BODY) values (545,to_timestamp('12-05-21 09.25.37.895383000 PM','DD-MM-RR HH.MI.SSXFF AM'),523,to_timestamp('12-05-21 09.25.37.895383000 PM','DD-MM-RR HH.MI.SSXFF AM'),1,'ada');
Insert into POST_COMMENT (ID,CREATION_TIME,POST_ID,UPDATE_TIME,USER_ID,BODY) values (571,to_timestamp('13-05-21 06.41.14.102013000 PM','DD-MM-RR HH.MI.SSXFF AM'),569,to_timestamp('13-05-21 06.41.15.717840000 PM','DD-MM-RR HH.MI.SSXFF AM'),1,'Danas');
Insert into POST_COMMENT (ID,CREATION_TIME,POST_ID,UPDATE_TIME,USER_ID,BODY) values (548,to_timestamp('12-05-21 09.28.35.751359000 PM','DD-MM-RR HH.MI.SSXFF AM'),546,to_timestamp('12-05-21 09.28.37.412936000 PM','DD-MM-RR HH.MI.SSXFF AM'),1,'ccs');
Insert into POST_COMMENT (ID,CREATION_TIME,POST_ID,UPDATE_TIME,USER_ID,BODY) values (662,to_timestamp('17-05-21 09.34.22.123009000 PM','DD-MM-RR HH.MI.SSXFF AM'),641,to_timestamp('17-05-21 09.34.23.790491000 PM','DD-MM-RR HH.MI.SSXFF AM'),1,'dasda');
Insert into POST_COMMENT (ID,CREATION_TIME,POST_ID,UPDATE_TIME,USER_ID,BODY) values (762,to_timestamp('27-05-21 07.23.02.299230000 PM','DD-MM-RR HH.MI.SSXFF AM'),761,to_timestamp('27-05-21 07.23.02.299230000 PM','DD-MM-RR HH.MI.SSXFF AM'),1,'dasda');
Insert into POST_COMMENT (ID,CREATION_TIME,POST_ID,UPDATE_TIME,USER_ID,BODY) values (334,to_timestamp('03-05-21 07.24.48.148668000 PM','DD-MM-RR HH.MI.SSXFF AM'),305,to_timestamp('04-05-21 07.13.51.868004000 PM','DD-MM-RR HH.MI.SSXFF AM'),21,'dada');
Insert into POST_COMMENT (ID,CREATION_TIME,POST_ID,UPDATE_TIME,USER_ID,BODY) values (445,to_timestamp('08-05-21 12.42.12.322142000 PM','DD-MM-RR HH.MI.SSXFF AM'),441,to_timestamp('12-05-21 07.47.47.666300000 PM','DD-MM-RR HH.MI.SSXFF AM'),1,'yea');

Insert into POST_LIKE (ID,POST_ID,LIKER_ID,CREATION_TIME,UPDATE_TIME) values (622,601,1,to_timestamp('16-05-21 11.40.08.447086000 AM','DD-MM-RR HH.MI.SSXFF AM'),to_timestamp('16-05-21 11.40.08.447086000 AM','DD-MM-RR HH.MI.SSXFF AM'));
Insert into POST_LIKE (ID,POST_ID,LIKER_ID,CREATION_TIME,UPDATE_TIME) values (410,241,1,to_timestamp('06-05-21 06.03.48.436480000 PM','DD-MM-RR HH.MI.SSXFF AM'),to_timestamp('06-05-21 06.03.48.436480000 PM','DD-MM-RR HH.MI.SSXFF AM'));
Insert into POST_LIKE (ID,POST_ID,LIKER_ID,CREATION_TIME,UPDATE_TIME) values (418,305,61,to_timestamp('06-05-21 06.05.17.787505000 PM','DD-MM-RR HH.MI.SSXFF AM'),to_timestamp('06-05-21 06.05.17.787505000 PM','DD-MM-RR HH.MI.SSXFF AM'));
Insert into POST_LIKE (ID,POST_ID,LIKER_ID,CREATION_TIME,UPDATE_TIME) values (420,242,61,to_timestamp('06-05-21 06.05.38.326225000 PM','DD-MM-RR HH.MI.SSXFF AM'),to_timestamp('06-05-21 06.05.38.326225000 PM','DD-MM-RR HH.MI.SSXFF AM'));
Insert into POST_LIKE (ID,POST_ID,LIKER_ID,CREATION_TIME,UPDATE_TIME) values (421,227,21,to_timestamp('06-05-21 06.07.48.660815000 PM','DD-MM-RR HH.MI.SSXFF AM'),to_timestamp('06-05-21 06.07.48.660815000 PM','DD-MM-RR HH.MI.SSXFF AM'));
Insert into POST_LIKE (ID,POST_ID,LIKER_ID,CREATION_TIME,UPDATE_TIME) values (424,201,21,to_timestamp('06-05-21 06.10.42.151091000 PM','DD-MM-RR HH.MI.SSXFF AM'),to_timestamp('06-05-21 06.10.42.151091000 PM','DD-MM-RR HH.MI.SSXFF AM'));
Insert into POST_LIKE (ID,POST_ID,LIKER_ID,CREATION_TIME,UPDATE_TIME) values (427,201,1,to_timestamp('06-05-21 06.59.57.808792000 PM','DD-MM-RR HH.MI.SSXFF AM'),to_timestamp('06-05-21 06.59.57.808792000 PM','DD-MM-RR HH.MI.SSXFF AM'));
Insert into POST_LIKE (ID,POST_ID,LIKER_ID,CREATION_TIME,UPDATE_TIME) values (525,523,1,to_timestamp('12-05-21 06.43.04.127793000 PM','DD-MM-RR HH.MI.SSXFF AM'),to_timestamp('12-05-21 06.43.04.127793000 PM','DD-MM-RR HH.MI.SSXFF AM'));
Insert into POST_LIKE (ID,POST_ID,LIKER_ID,CREATION_TIME,UPDATE_TIME) values (570,569,1,to_timestamp('13-05-21 06.41.11.028952000 PM','DD-MM-RR HH.MI.SSXFF AM'),to_timestamp('13-05-21 06.41.11.028952000 PM','DD-MM-RR HH.MI.SSXFF AM'));
Insert into POST_LIKE (ID,POST_ID,LIKER_ID,CREATION_TIME,UPDATE_TIME) values (661,641,1,to_timestamp('17-05-21 09.34.21.406257000 PM','DD-MM-RR HH.MI.SSXFF AM'),to_timestamp('17-05-21 09.34.21.406257000 PM','DD-MM-RR HH.MI.SSXFF AM'));
Insert into POST_LIKE (ID,POST_ID,LIKER_ID,CREATION_TIME,UPDATE_TIME) values (353,305,1,to_timestamp('04-05-21 06.25.09.080180000 PM','DD-MM-RR HH.MI.SSXFF AM'),to_timestamp('04-05-21 06.25.09.080180000 PM','DD-MM-RR HH.MI.SSXFF AM'));
Insert into POST_LIKE (ID,POST_ID,LIKER_ID,CREATION_TIME,UPDATE_TIME) values (360,242,1,to_timestamp('04-05-21 06.30.47.888701000 PM','DD-MM-RR HH.MI.SSXFF AM'),to_timestamp('04-05-21 06.30.47.888701000 PM','DD-MM-RR HH.MI.SSXFF AM'));
Insert into POST_LIKE (ID,POST_ID,LIKER_ID,CREATION_TIME,UPDATE_TIME) values (442,441,1,to_timestamp('08-05-21 12.41.52.683720000 PM','DD-MM-RR HH.MI.SSXFF AM'),to_timestamp('08-05-21 12.41.52.683720000 PM','DD-MM-RR HH.MI.SSXFF AM'));
Insert into POST_LIKE (ID,POST_ID,LIKER_ID,CREATION_TIME,UPDATE_TIME) values (547,546,1,to_timestamp('12-05-21 09.28.33.574000000 PM','DD-MM-RR HH.MI.SSXFF AM'),to_timestamp('12-05-21 09.28.33.574000000 PM','DD-MM-RR HH.MI.SSXFF AM'));
Insert into POST_LIKE (ID,POST_ID,LIKER_ID,CREATION_TIME,UPDATE_TIME) values (414,241,61,to_timestamp('06-05-21 06.04.13.719564000 PM','DD-MM-RR HH.MI.SSXFF AM'),to_timestamp('06-05-21 06.04.13.719564000 PM','DD-MM-RR HH.MI.SSXFF AM'));

Insert into FACE_GROUP (ID,DESCRIPTION,NAME,OWNER_ID,CREATION_TIME,UPDATE_TIME) values (461,'Svi nogometaši.','Nogomet nedjeljom',1,null,to_timestamp('13-05-21 06.36.44.060224000 PM','DD-MM-RR HH.MI.SSXFF AM'));
Insert into FACE_GROUP (ID,DESCRIPTION,NAME,OWNER_ID,CREATION_TIME,UPDATE_TIME) values (484,'Svi koji vole filmove
','Ekipa za film',1,to_timestamp('08-05-21 05.38.00.276024000 PM','DD-MM-RR HH.MI.SSXFF AM'),to_timestamp('08-05-21 05.38.00.276024000 PM','DD-MM-RR HH.MI.SSXFF AM'));
Insert into FACE_GROUP (ID,DESCRIPTION,NAME,OWNER_ID,CREATION_TIME,UPDATE_TIME) values (483,'test','test',1,to_timestamp('08-05-21 05.37.17.054006000 PM','DD-MM-RR HH.MI.SSXFF AM'),to_timestamp('13-05-21 07.30.28.392316000 PM','DD-MM-RR HH.MI.SSXFF AM'));

Insert into FACE_GROUP_MEMBERS (USER_ID,GROUP_ID) values (1,461);
Insert into FACE_GROUP_MEMBERS (USER_ID,GROUP_ID) values (1,483);
Insert into FACE_GROUP_MEMBERS (USER_ID,GROUP_ID) values (1,484);
Insert into FACE_GROUP_MEMBERS (USER_ID,GROUP_ID) values (21,461);
Insert into FACE_GROUP_MEMBERS (USER_ID,GROUP_ID) values (61,461);

Insert into FACE_GROUP_POSTS (GROUP_ID,POST_ID) values (461,703);
Insert into FACE_GROUP_POSTS (GROUP_ID,POST_ID) values (461,601);
Insert into FACE_GROUP_POSTS (GROUP_ID,POST_ID) values (461,581);
Insert into FACE_GROUP_POSTS (GROUP_ID,POST_ID) values (461,569);
Insert into FACE_GROUP_POSTS (GROUP_ID,POST_ID) values (484,573);
Insert into FACE_GROUP_POSTS (GROUP_ID,POST_ID) values (483,575);

Insert into FACE_GROUP_REQ (ID,CREATION_TIME,GROUP_ID,UPDATE_TIME,USER_ID,STATUS) values (514,to_timestamp('11-05-21 08.34.59.795867000 PM','DD-MM-RR HH.MI.SSXFF AM'),461,to_timestamp('11-05-21 08.36.40.438283000 PM','DD-MM-RR HH.MI.SSXFF AM'),41,3);
Insert into FACE_GROUP_REQ (ID,CREATION_TIME,GROUP_ID,UPDATE_TIME,USER_ID,STATUS) values (510,to_timestamp('11-05-21 06.06.49.550225000 PM','DD-MM-RR HH.MI.SSXFF AM'),461,to_timestamp('11-05-21 08.34.08.040844000 PM','DD-MM-RR HH.MI.SSXFF AM'),61,2);
Insert into FACE_GROUP_REQ (ID,CREATION_TIME,GROUP_ID,UPDATE_TIME,USER_ID,STATUS) values (513,to_timestamp('11-05-21 08.34.58.134423000 PM','DD-MM-RR HH.MI.SSXFF AM'),461,to_timestamp('11-05-21 08.36.40.440278000 PM','DD-MM-RR HH.MI.SSXFF AM'),41,3);
Insert into FACE_GROUP_REQ (ID,CREATION_TIME,GROUP_ID,UPDATE_TIME,USER_ID,STATUS) values (511,to_timestamp('11-05-21 06.07.01.257423000 PM','DD-MM-RR HH.MI.SSXFF AM'),461,to_timestamp('11-05-21 06.07.01.257423000 PM','DD-MM-RR HH.MI.SSXFF AM'),81,1);
Insert into FACE_GROUP_REQ (ID,CREATION_TIME,GROUP_ID,UPDATE_TIME,USER_ID,STATUS) values (512,to_timestamp('11-05-21 06.07.03.047011000 PM','DD-MM-RR HH.MI.SSXFF AM'),461,to_timestamp('11-05-21 08.34.32.291431000 PM','DD-MM-RR HH.MI.SSXFF AM'),41,3);
Insert into FACE_GROUP_REQ (ID,CREATION_TIME,GROUP_ID,UPDATE_TIME,USER_ID,STATUS) values (574,to_timestamp('13-05-21 07.09.55.988751000 PM','DD-MM-RR HH.MI.SSXFF AM'),483,to_timestamp('13-05-21 07.09.55.988751000 PM','DD-MM-RR HH.MI.SSXFF AM'),41,1);

Insert into COMMENT_LIKE (ID,COMMENT_ID,CREATION_TIME,LIKER_ID,UPDATE_TIME) values (621,425,to_timestamp('16-05-21 11.39.16.406519000 AM','DD-MM-RR HH.MI.SSXFF AM'),1,to_timestamp('16-05-21 11.39.16.406519000 AM','DD-MM-RR HH.MI.SSXFF AM'));
Insert into COMMENT_LIKE (ID,COMMENT_ID,CREATION_TIME,LIKER_ID,UPDATE_TIME) values (371,334,to_timestamp('04-05-21 07.13.51.857990000 PM','DD-MM-RR HH.MI.SSXFF AM'),1,to_timestamp('04-05-21 07.13.51.857990000 PM','DD-MM-RR HH.MI.SSXFF AM'));
Insert into COMMENT_LIKE (ID,COMMENT_ID,CREATION_TIME,LIKER_ID,UPDATE_TIME) values (529,445,to_timestamp('12-05-21 07.47.47.664329000 PM','DD-MM-RR HH.MI.SSXFF AM'),1,to_timestamp('12-05-21 07.47.47.664329000 PM','DD-MM-RR HH.MI.SSXFF AM'));
Insert into COMMENT_LIKE (ID,COMMENT_ID,CREATION_TIME,LIKER_ID,UPDATE_TIME) values (378,348,to_timestamp('04-05-21 07.24.50.868437000 PM','DD-MM-RR HH.MI.SSXFF AM'),1,to_timestamp('04-05-21 07.24.50.868437000 PM','DD-MM-RR HH.MI.SSXFF AM'));
Insert into COMMENT_LIKE (ID,COMMENT_ID,CREATION_TIME,LIKER_ID,UPDATE_TIME) values (376,335,to_timestamp('04-05-21 07.23.21.493511000 PM','DD-MM-RR HH.MI.SSXFF AM'),1,to_timestamp('04-05-21 07.23.21.493511000 PM','DD-MM-RR HH.MI.SSXFF AM'));
Insert into COMMENT_LIKE (ID,COMMENT_ID,CREATION_TIME,LIKER_ID,UPDATE_TIME) values (377,347,to_timestamp('04-05-21 07.24.50.369606000 PM','DD-MM-RR HH.MI.SSXFF AM'),1,to_timestamp('04-05-21 07.24.50.369606000 PM','DD-MM-RR HH.MI.SSXFF AM'));
Insert into COMMENT_LIKE (ID,COMMENT_ID,CREATION_TIME,LIKER_ID,UPDATE_TIME) values (417,416,to_timestamp('06-05-21 06.04.24.872746000 PM','DD-MM-RR HH.MI.SSXFF AM'),61,to_timestamp('06-05-21 06.04.24.872746000 PM','DD-MM-RR HH.MI.SSXFF AM'));
Insert into COMMENT_LIKE (ID,COMMENT_ID,CREATION_TIME,LIKER_ID,UPDATE_TIME) values (413,412,to_timestamp('06-05-21 06.03.58.235679000 PM','DD-MM-RR HH.MI.SSXFF AM'),1,to_timestamp('06-05-21 06.03.58.235679000 PM','DD-MM-RR HH.MI.SSXFF AM'));
Insert into COMMENT_LIKE (ID,COMMENT_ID,CREATION_TIME,LIKER_ID,UPDATE_TIME) values (415,412,to_timestamp('06-05-21 06.04.18.932212000 PM','DD-MM-RR HH.MI.SSXFF AM'),61,to_timestamp('06-05-21 06.04.18.933209000 PM','DD-MM-RR HH.MI.SSXFF AM'));
Insert into COMMENT_LIKE (ID,COMMENT_ID,CREATION_TIME,LIKER_ID,UPDATE_TIME) values (423,422,to_timestamp('06-05-21 06.08.43.292789000 PM','DD-MM-RR HH.MI.SSXFF AM'),21,to_timestamp('06-05-21 06.08.43.292789000 PM','DD-MM-RR HH.MI.SSXFF AM'));
Insert into COMMENT_LIKE (ID,COMMENT_ID,CREATION_TIME,LIKER_ID,UPDATE_TIME) values (426,425,to_timestamp('06-05-21 06.10.49.157735000 PM','DD-MM-RR HH.MI.SSXFF AM'),21,to_timestamp('06-05-21 06.10.49.157735000 PM','DD-MM-RR HH.MI.SSXFF AM'));
Insert into COMMENT_LIKE (ID,COMMENT_ID,CREATION_TIME,LIKER_ID,UPDATE_TIME) values (429,428,to_timestamp('06-05-21 07.00.09.159809000 PM','DD-MM-RR HH.MI.SSXFF AM'),1,to_timestamp('06-05-21 07.00.09.159809000 PM','DD-MM-RR HH.MI.SSXFF AM'));
Insert into COMMENT_LIKE (ID,COMMENT_ID,CREATION_TIME,LIKER_ID,UPDATE_TIME) values (572,571,to_timestamp('13-05-21 06.41.15.716811000 PM','DD-MM-RR HH.MI.SSXFF AM'),1,to_timestamp('13-05-21 06.41.15.716811000 PM','DD-MM-RR HH.MI.SSXFF AM'));
Insert into COMMENT_LIKE (ID,COMMENT_ID,CREATION_TIME,LIKER_ID,UPDATE_TIME) values (549,548,to_timestamp('12-05-21 09.28.37.412936000 PM','DD-MM-RR HH.MI.SSXFF AM'),1,to_timestamp('12-05-21 09.28.37.412936000 PM','DD-MM-RR HH.MI.SSXFF AM'));
Insert into COMMENT_LIKE (ID,COMMENT_ID,CREATION_TIME,LIKER_ID,UPDATE_TIME) values (663,662,to_timestamp('17-05-21 09.34.23.785682000 PM','DD-MM-RR HH.MI.SSXFF AM'),1,to_timestamp('17-05-21 09.34.23.785682000 PM','DD-MM-RR HH.MI.SSXFF AM'));
Insert into COMMENT_LIKE (ID,COMMENT_ID,CREATION_TIME,LIKER_ID,UPDATE_TIME) values (444,443,to_timestamp('08-05-21 12.42.03.790000000 PM','DD-MM-RR HH.MI.SSXFF AM'),1,to_timestamp('08-05-21 12.42.03.790000000 PM','DD-MM-RR HH.MI.SSXFF AM'));
